Posts,Mentions,Hashtags,Cashtags,URLs,Quoted_text,Punctuations,Punctuation_emphasis,All_caps,Negations,Time_expressions,Emojis
"@bob@infosec.exchange #Crypto â‚¬BMW ""Letâ€™s go!"" https://t.co/xyz123 ðŸ˜€",['@bob@infosec.exchange'],['#Crypto'],['â‚¬BMW'],['https://t.co/xyz123'],"['""Letâ€™s go!""']","['@', '@', '.', '#', 'â‚¬', '""', 'â€™', '!', '""', ':', '/', '/', '.', '/', 'ðŸ˜€']",[],['BMW'],[],[],['ðŸ˜€']
#Startups ðŸ’¡ $GOOG https://t.co/xyz123 @dave@mastodon.social 'Not sure about this',['@dave@mastodon.social'],['#Startups'],['$GOOG'],['https://t.co/xyz123'],"[""'Not sure about this'""]","['#', 'ðŸ’¡', '$', ':', '/', '/', '.', '/', '@', '@', '.', ""'"", ""'""]",[],['GOOG'],['not'],[],['ðŸ’¡']
@bob@mastodon.social $AAPL 'This is amazing' ðŸ˜€ #Crypto https://news.site/article,['@bob@mastodon.social'],['#Crypto'],['$AAPL'],['https://news.site/article'],"[""'This is amazing'""]","['@', '@', '.', '$', ""'"", ""'"", 'ðŸ˜€', '#', ':', '/', '/', '.', '/']",[],['AAPL'],[],[],['ðŸ˜€']
"@dave@infosec.exchange ""Exciting times ahead!"" https://t.co/xyz123 â‚¬BMW #AI ðŸ˜€",['@dave@infosec.exchange'],['#AI'],['â‚¬BMW'],['https://t.co/xyz123'],"['""Exciting times ahead!""']","['@', '@', '.', '""', '!', '""', ':', '/', '/', '.', '/', 'â‚¬', '#', 'ðŸ˜€']",[],"['BMW', 'AI']",[],['times'],['ðŸ˜€']
#AI @bob@mastodon.social â‚¬ETH ðŸš€ 'Not sure about this' https://news.site/article,['@bob@mastodon.social'],['#AI'],['â‚¬ETH'],['https://news.site/article'],"[""'Not sure about this'""]","['#', '@', '@', '.', 'â‚¬', 'ðŸš€', ""'"", ""'"", ':', '/', '/', '.', '/']",[],"['AI', 'ETH']",['not'],[],['ðŸš€']
'This is amazing' â‚¬BMW https://t.co/xyz123 ðŸ’¡ #AI @dave,['@dave'],['#AI'],['â‚¬BMW'],['https://t.co/xyz123'],"[""'This is amazing'""]","[""'"", ""'"", 'â‚¬', ':', '/', '/', '.', '/', 'ðŸ’¡', '#', '@']",[],"['BMW', 'AI']",[],[],['ðŸ’¡']
'These days are amazing' #TechNews https://t.co/xyz123 â‚¬ETH ðŸ’¡ @dave@techhub.org,['@dave@techhub.org'],['#TechNews'],['â‚¬ETH'],['https://t.co/xyz123'],"[""'These days are amazing'""]","[""'"", ""'"", '#', ':', '/', '/', '.', '/', 'â‚¬', 'ðŸ’¡', '@', '@', '.']",[],['ETH'],[],['days'],['ðŸ’¡']
"What a day today #AI $GOOG @bob@techhub.org ðŸš€ https://news.site/article""",['@bob@techhub.org'],['#AI'],['$GOOG'],"['https://news.site/article""']",[],"['#', '$', '@', '@', '.', 'ðŸš€', ':', '/', '/', '.', '/', '""']",[],"['AI', 'GOOG']",[],"['day', 'today']",['ðŸš€']
"https://news.site/article #TechNews ""Exciting times ahead!"" @eve@mastodon.social ðŸ˜€ $GOOG",['@eve@mastodon.social'],['#TechNews'],['$GOOG'],['https://news.site/article'],"['""Exciting times ahead!""']","[':', '/', '/', '.', '/', '#', '""', '!', '""', '@', '@', '.', 'ðŸ˜€', '$']",[],['GOOG'],[],['times'],['ðŸ˜€']
"Letâ€™s go! https://t.co/xyz123 @alice@mastodon.social $TSLA #AI ðŸ”¥""",['@alice@mastodon.social'],['#AI'],['$TSLA'],['https://t.co/xyz123'],[],"['â€™', '!', ':', '/', '/', '.', '/', '@', '@', '.', '$', '#', 'ðŸ”¥', '""']",[],"['TSLA', 'AI']",[],[],['ðŸ”¥']
"$TSLA ðŸ”¥ @bob@infosec.exchange ""Exciting times ahead!"" #AI https://t.co/xyz123",['@bob@infosec.exchange'],['#AI'],['$TSLA'],['https://t.co/xyz123'],"['""Exciting times ahead!""']","['$', 'ðŸ”¥', '@', '@', '.', '""', '!', '""', '#', ':', '/', '/', '.', '/']",[],"['TSLA', 'AI']",[],['times'],['ðŸ”¥']
@alice@infosec.exchange â‚¬ETH 'Not sure about this' https://t.co/xyz123 ðŸš€ #Crypto,['@alice@infosec.exchange'],['#Crypto'],['â‚¬ETH'],['https://t.co/xyz123'],"[""'Not sure about this'""]","['@', '@', '.', 'â‚¬', ""'"", ""'"", ':', '/', '/', '.', '/', 'ðŸš€', '#']",[],['ETH'],['not'],[],['ðŸš€']
"https://t.co/xyz123 ""What a day!"" @eve@infosec.exchange ðŸ“‰ $GOOG #Startups",['@eve@infosec.exchange'],['#Startups'],['$GOOG'],['https://t.co/xyz123'],"['""What a day!""']","[':', '/', '/', '.', '/', '""', '!', '""', '@', '@', '.', 'ðŸ“‰', '$', '#']",[],['GOOG'],[],['day'],['ðŸ“‰']
@bob@techhub.org https://t.co/xyz123 ðŸ”¥ $AAPL #Climate 'Not sure about this',['@bob@techhub.org'],['#Climate'],['$AAPL'],['https://t.co/xyz123'],"[""'Not sure about this'""]","['@', '@', '.', ':', '/', '/', '.', '/', 'ðŸ”¥', '$', '#', ""'"", ""'""]",[],['AAPL'],['not'],[],['ðŸ”¥']
"ðŸ”¥ $GOOG @charlie@techhub.org https://t.co/xyz123 ""What a day!"" #Startups",['@charlie@techhub.org'],['#Startups'],['$GOOG'],['https://t.co/xyz123'],"['""What a day!""']","['ðŸ”¥', '$', '@', '@', '.', ':', '/', '/', '.', '/', '""', '!', '""', '#']",[],['GOOG'],[],['day'],['ðŸ”¥']
@bob@techhub.org ðŸ“‰ 'Not sure about this' #TechNews â‚¬BMW https://t.co/xyz123,['@bob@techhub.org'],['#TechNews'],['â‚¬BMW'],['https://t.co/xyz123'],"[""'Not sure about this'""]","['@', '@', '.', 'ðŸ“‰', ""'"", ""'"", '#', 'â‚¬', ':', '/', '/', '.', '/']",[],['BMW'],['not'],[],['ðŸ“‰']
#Climate @eve@mastodon.social 'Not sure about this' ðŸ”¥ https://news.site/article $GOOG,['@eve@mastodon.social'],['#Climate'],['$GOOG'],['https://news.site/article'],"[""'Not sure about this'""]","['#', '@', '@', '.', ""'"", ""'"", 'ðŸ”¥', ':', '/', '/', '.', '/', '$']",[],['GOOG'],['not'],[],['ðŸ”¥']
"ðŸ’¡ $TSLA https://news.site/article #AI @bob ""Letâ€™s go!""",['@bob'],['#AI'],['$TSLA'],['https://news.site/article'],"['""Letâ€™s go!""']","['ðŸ’¡', '$', ':', '/', '/', '.', '/', '#', '@', '""', 'â€™', '!', '""']",[],"['TSLA', 'AI']",[],[],['ðŸ’¡']
"#Climate ""Exciting times ahead!"" $GOOG ðŸ”¥ @charlie http://example.com/info",['@charlie'],['#Climate'],['$GOOG'],['http://example.com/info'],"['""Exciting times ahead!""']","['#', '""', '!', '""', '$', 'ðŸ”¥', '@', ':', '/', '/', '.', '/']",[],['GOOG'],[],['times'],['ðŸ”¥']
@eve@infosec.exchange #Climate https://t.co/xyz123 ðŸ˜€ 'Not sure about this' â‚¬BMW,['@eve@infosec.exchange'],['#Climate'],['â‚¬BMW'],['https://t.co/xyz123'],"[""'Not sure about this'""]","['@', '@', '.', '#', ':', '/', '/', '.', '/', 'ðŸ˜€', ""'"", ""'"", 'â‚¬']",[],['BMW'],['not'],[],['ðŸ˜€']
"#Climate @eve ðŸ“‰ http://example.com/info ""Letâ€™s go!"" $TSLA",['@eve'],['#Climate'],['$TSLA'],['http://example.com/info'],"['""Letâ€™s go!""']","['#', '@', 'ðŸ“‰', ':', '/', '/', '.', '/', '""', 'â€™', '!', '""', '$']",[],['TSLA'],[],[],['ðŸ“‰']
ðŸ˜€ #TechNews https://t.co/xyz123 @eve@techhub.org 'Not sure about this' $AAPL,['@eve@techhub.org'],['#TechNews'],['$AAPL'],['https://t.co/xyz123'],"[""'Not sure about this'""]","['ðŸ˜€', '#', ':', '/', '/', '.', '/', '@', '@', '.', ""'"", ""'"", '$']",[],['AAPL'],['not'],[],['ðŸ˜€']
"""What a day!"" ðŸ’¡ #Climate @charlie@techhub.org $GOOG https://news.site/article",['@charlie@techhub.org'],['#Climate'],['$GOOG'],['https://news.site/article'],"['""What a day!""']","['""', '!', '""', 'ðŸ’¡', '#', '@', '@', '.', '$', ':', '/', '/', '.', '/']",[],['GOOG'],[],['day'],['ðŸ’¡']
'This is amazing' ðŸ’¡ #AI https://news.site/article â‚¬ETH @bob,['@bob'],['#AI'],['â‚¬ETH'],['https://news.site/article'],"[""'This is amazing'""]","[""'"", ""'"", 'ðŸ’¡', '#', ':', '/', '/', '.', '/', 'â‚¬', '@']",[],"['AI', 'ETH']",[],[],['ðŸ’¡']
"ðŸ”¥ ""Exciting times ahead!!!"" It is happening today #AI http://example.com/info @eve â‚¬ETH",['@eve'],['#AI'],['â‚¬ETH'],['http://example.com/info'],"['""Exciting times ahead!!!""']","['ðŸ”¥', '""', '!', '!', '!', '""', '#', ':', '/', '/', '.', '/', '@', 'â‚¬']",['!!!'],"['AI', 'ETH']",[],"['times', 'today']",['ðŸ”¥']
"""Exciting times ahead!"" #Crypto ðŸ˜€ https://news.site/article â‚¬BMW @dave@techhub.org",['@dave@techhub.org'],['#Crypto'],['â‚¬BMW'],['https://news.site/article'],"['""Exciting times ahead!""']","['""', '!', '""', '#', 'ðŸ˜€', ':', '/', '/', '.', '/', 'â‚¬', '@', '@', '.']",[],['BMW'],[],['times'],['ðŸ˜€']
ðŸ˜€ #Climate $GOOG @dave http://example.com/info 'Not sure about this',['@dave'],['#Climate'],['$GOOG'],['http://example.com/info'],"[""'Not sure about this'""]","['ðŸ˜€', '#', '$', '@', ':', '/', '/', '.', '/', ""'"", ""'""]",[],['GOOG'],['not'],[],['ðŸ˜€']
"@bob@infosec.exchange $GOOG ðŸ”¥ https://t.co/xyz123 ""What a day!"" #AI",['@bob@infosec.exchange'],['#AI'],['$GOOG'],['https://t.co/xyz123'],"['""What a day!""']","['@', '@', '.', '$', 'ðŸ”¥', ':', '/', '/', '.', '/', '""', '!', '""', '#']",[],"['GOOG', 'AI']",[],['day'],['ðŸ”¥']
"ðŸ˜€ $AAPL #Crypto never better before https://news.site/article ""Exciting times ahead!"" @dave@techhub.org",['@dave@techhub.org'],['#Crypto'],['$AAPL'],['https://news.site/article'],"['""Exciting times ahead!""']","['ðŸ˜€', '$', '#', ':', '/', '/', '.', '/', '""', '!', '""', '@', '@', '.']",[],['AAPL'],['never'],['times'],['ðŸ˜€']
"â‚¬ETH @eve@infosec.exchange http://example.com/info ""What a day!"" ðŸ”¥ #TechNews",['@eve@infosec.exchange'],['#TechNews'],['â‚¬ETH'],['http://example.com/info'],"['""What a day!""']","['â‚¬', '@', '@', '.', ':', '/', '/', '.', '/', '""', '!', '""', 'ðŸ”¥', '#']",[],['ETH'],[],['day'],['ðŸ”¥']
"ðŸ”¥ #AI @charlie ""Exciting times ahead!"" â‚¬BMW https://t.co/xyz123",['@charlie'],['#AI'],['â‚¬BMW'],['https://t.co/xyz123'],"['""Exciting times ahead!""']","['ðŸ”¥', '#', '@', '""', '!', '""', 'â‚¬', ':', '/', '/', '.', '/']",[],"['AI', 'BMW']",[],['times'],['ðŸ”¥']
"http://example.com/info @bob@techhub.org â‚¬BMW ""Exciting times ahead!"" #Startups ðŸ“‰",['@bob@techhub.org'],['#Startups'],['â‚¬BMW'],['http://example.com/info'],"['""Exciting times ahead!""']","[':', '/', '/', '.', '/', '@', '@', '.', 'â‚¬', '""', '!', '""', '#', 'ðŸ“‰']",[],['BMW'],[],['times'],['ðŸ“‰']
"@alice@techhub.org https://t.co/xyz123 ðŸ”¥ ""What a day!"" $TSLA #Climate",['@alice@techhub.org'],['#Climate'],['$TSLA'],['https://t.co/xyz123'],"['""What a day!""']","['@', '@', '.', ':', '/', '/', '.', '/', 'ðŸ”¥', '""', '!', '""', '$', '#']",[],['TSLA'],[],['day'],['ðŸ”¥']
@bob https://news.site/article ðŸ’¡ â‚¬BMW #Startups 'Not sure about this',['@bob'],['#Startups'],['â‚¬BMW'],['https://news.site/article'],"[""'Not sure about this'""]","['@', ':', '/', '/', '.', '/', 'ðŸ’¡', 'â‚¬', '#', ""'"", ""'""]",[],['BMW'],['not'],[],['ðŸ’¡']
"#TechNews ðŸ“‰ https://news.site/article â‚¬BMW @charlie ""What a day!""",['@charlie'],['#TechNews'],['â‚¬BMW'],['https://news.site/article'],"['""What a day!""']","['#', 'ðŸ“‰', ':', '/', '/', '.', '/', 'â‚¬', '@', '""', '!', '""']",[],['BMW'],[],['day'],['ðŸ“‰']
"https://news.site/article ""Letâ€™s go!"" ðŸ˜€ #Startups @dave@infosec.exchange â‚¬BMW",['@dave@infosec.exchange'],['#Startups'],['â‚¬BMW'],['https://news.site/article'],"['""Letâ€™s go!""']","[':', '/', '/', '.', '/', '""', 'â€™', '!', '""', 'ðŸ˜€', '#', '@', '@', '.', 'â‚¬']",[],['BMW'],[],[],['ðŸ˜€']
"""Letâ€™s go!"" $AAPL ðŸš€ #AI https://t.co/xyz123 @alice@techhub.org",['@alice@techhub.org'],['#AI'],['$AAPL'],['https://t.co/xyz123'],"['""Letâ€™s go!""']","['""', 'â€™', '!', '""', '$', 'ðŸš€', '#', ':', '/', '/', '.', '/', '@', '@', '.']",[],"['AAPL', 'AI']",[],[],['ðŸš€']
"http://example.com/info ""What a day!"" #TechNews @eve@techhub.org $GOOG ðŸ˜€",['@eve@techhub.org'],['#TechNews'],['$GOOG'],['http://example.com/info'],"['""What a day!""']","[':', '/', '/', '.', '/', '""', '!', '""', '#', '@', '@', '.', '$', 'ðŸ˜€']",[],['GOOG'],[],['day'],['ðŸ˜€']
#Startups #business @bob@infosec.exchange Not sure about this https://news.site/article â‚¬BMW ðŸ“‰,['@bob@infosec.exchange'],"['#Startups', '#business']",['â‚¬BMW'],['https://news.site/article'],[],"['#', '#', '@', '@', '.', ':', '/', '/', '.', '/', 'â‚¬', 'ðŸ“‰']",[],['BMW'],['not'],[],['ðŸ“‰']
#Crypto $AAPL ðŸ“‰ https://t.co/xyz123 'Not sure about this' @alice@techhub.org,['@alice@techhub.org'],['#Crypto'],['$AAPL'],['https://t.co/xyz123'],"[""'Not sure about this'""]","['#', '$', 'ðŸ“‰', ':', '/', '/', '.', '/', ""'"", ""'"", '@', '@', '.']",[],['AAPL'],['not'],[],['ðŸ“‰']
"#Startups ðŸ“‰ @bob $GOOG http://example.com/info ""Letâ€™s go!""",['@bob'],['#Startups'],['$GOOG'],['http://example.com/info'],"['""Letâ€™s go!""']","['#', 'ðŸ“‰', '@', '$', ':', '/', '/', '.', '/', '""', 'â€™', '!', '""']",[],['GOOG'],[],[],['ðŸ“‰']
"https://news.site/article #AI ""Exciting times ahead!"" $GOOG @charlie@techhub.org ðŸš€",['@charlie@techhub.org'],['#AI'],['$GOOG'],['https://news.site/article'],"['""Exciting times ahead!""']","[':', '/', '/', '.', '/', '#', '""', '!', '""', '$', '@', '@', '.', 'ðŸš€']",[],"['AI', 'GOOG']",[],['times'],['ðŸš€']
http://example.com/info 'This is amazing' â‚¬ETH #AI @dave@mastodon.social ðŸ’¡,['@dave@mastodon.social'],['#AI'],['â‚¬ETH'],['http://example.com/info'],"[""'This is amazing'""]","[':', '/', '/', '.', '/', ""'"", ""'"", 'â‚¬', '#', '@', '@', '.', 'ðŸ’¡']",[],"['ETH', 'AI']",[],[],['ðŸ’¡']
#Climate ðŸ’¡ $AAPL https://t.co/xyz123 'This is amazing' @bob,['@bob'],['#Climate'],['$AAPL'],['https://t.co/xyz123'],"[""'This is amazing'""]","['#', 'ðŸ’¡', '$', ':', '/', '/', '.', '/', ""'"", ""'"", '@']",[],['AAPL'],[],[],['ðŸ’¡']
"ðŸ”¥ @alice@infosec.exchange https://t.co/xyz123 #Climate $AAPL ""What a day!""",['@alice@infosec.exchange'],['#Climate'],['$AAPL'],['https://t.co/xyz123'],"['""What a day!""']","['ðŸ”¥', '@', '@', '.', ':', '/', '/', '.', '/', '#', '$', '""', '!', '""']",[],['AAPL'],[],['day'],['ðŸ”¥']
'This is amazing' $AAPL ðŸ˜€ @dave@mastodon.social #TechNews https://news.site/article,['@dave@mastodon.social'],['#TechNews'],['$AAPL'],['https://news.site/article'],"[""'This is amazing'""]","[""'"", ""'"", '$', 'ðŸ˜€', '@', '@', '.', '#', ':', '/', '/', '.', '/']",[],['AAPL'],[],[],['ðŸ˜€']
"@bob@mastodon.social #AI https://news.site/article $GOOG ""What a day!"" ðŸš€",['@bob@mastodon.social'],['#AI'],['$GOOG'],['https://news.site/article'],"['""What a day!""']","['@', '@', '.', '#', ':', '/', '/', '.', '/', '$', '""', '!', '""', 'ðŸš€']",[],"['AI', 'GOOG']",[],['day'],['ðŸš€']
"#Crypto ""Letâ€™s go!"" ðŸ’¡ @charlie $GOOG http://example.com/info",['@charlie'],['#Crypto'],['$GOOG'],['http://example.com/info'],"['""Letâ€™s go!""']","['#', '""', 'â€™', '!', '""', 'ðŸ’¡', '@', '$', ':', '/', '/', '.', '/']",[],['GOOG'],[],[],['ðŸ’¡']
ðŸ“‰ @bob@mastodon.social http://example.com/info #Startups â‚¬BMW 'Not sure about this',['@bob@mastodon.social'],['#Startups'],['â‚¬BMW'],['http://example.com/info'],"[""'Not sure about this'""]","['ðŸ“‰', '@', '@', '.', ':', '/', '/', '.', '/', '#', 'â‚¬', ""'"", ""'""]",[],['BMW'],['not'],[],['ðŸ“‰']
https://news.site/article ðŸ’¡ â‚¬BMW 'Not sure about this' #TechNews @bob@mastodon.social,['@bob@mastodon.social'],['#TechNews'],['â‚¬BMW'],['https://news.site/article'],"[""'Not sure about this'""]","[':', '/', '/', '.', '/', 'ðŸ’¡', 'â‚¬', ""'"", ""'"", '#', '@', '@', '.']",[],['BMW'],['not'],[],['ðŸ’¡']
